{"mean":{"confidence_interval":{"confidence_level":0.95,"lower_bound":772612.430028129,"upper_bound":777340.1546641091},"point_estimate":774832.8637992798,"standard_error":1209.154184422387},"median":{"confidence_interval":{"confidence_level":0.95,"lower_bound":770550.2768317853,"upper_bound":774078.0548007246},"point_estimate":772764.0465747702,"standard_error":988.0465348441606},"median_abs_dev":{"confidence_interval":{"confidence_level":0.95,"lower_bound":5171.236031721464,"upper_bound":8172.345946594375},"point_estimate":6895.960883824432,"standard_error":768.2740331307913},"slope":{"confidence_interval":{"confidence_level":0.95,"lower_bound":770746.9092935235,"upper_bound":774323.0478485799},"point_estimate":772474.4937835574,"standard_error":913.9363454619217},"std_dev":{"confidence_interval":{"confidence_level":0.95,"lower_bound":7962.329911533846,"upper_bound":15771.947347714677},"point_estimate":12130.67200172819,"standard_error":1995.3840807472834}}